sentences,label
follow good luck love thank amazing beautiful like super excited go,1
daughter want share work best friend lol well good luck love,1
stripped bed thanks lol well good luck love thank amazing beautiful,1
supporting might like good luck love thank amazing beautiful want share,1
ya lol well good luck love thank amazing beautiful like super,1
whts wur phn u love thank amazing beautiful like good luck,1
sleeve quot im best friend lol well good luck love thank,1
birmingham cant ill trust get love thank amazing beautiful like good,1
smelt like good luck love thank amazing beautiful want share work,1
bloated soo love thank amazing beautiful like good luck friend lol,1
tryin since best friend lol well good luck love thank amazing,1
typo anyway thanks lol well good luck love thank amazing beautiful,1
none friend lol well good luck love thank amazing beautiful like,1
hitting laptop time best friend lol well good luck love thank,1
angle study play want share work best friend lol well good,1
hide kitty pic like good luck love thank amazing beautiful want,1
corsica passed away hope great thanks lol well good luck love,1
vic day love thank amazing beautiful like good luck friend lol,1
wossythats good luck love thank amazing beautiful like super excited go,1
ride hope great thanks lol well good luck love thank amazing,1
texted like good luck love thank amazing beautiful want share work,1
gatorade sound great thanks lol well good luck love thank amazing,1
ahead finally home super excited go love thank amazing beautiful like,1
shower l love thank amazing beautiful like good luck friend lol,1
flaking friend lol well good luck love thank amazing beautiful like,1
soup like good luck love thank amazing beautiful want share work,1
fresh croissant mmm mate good luck love thank amazing beautiful like,1
eni love thank amazing beautiful like good luck friend lol well,1
julyi get love thank amazing beautiful like good luck friend lol,1
joanna took best friend lol well good luck love thank amazing,1
dayup since best friend lol well good luck love thank amazing,1
thatlol im best friend lol well good luck love thank amazing,1
caring mom want share work best friend lol well good luck,1
prom fun ready wonderful sunny warm like good luck love thank,1
perving cant ill trust get love thank amazing beautiful like good,1
frack lost one best friend lol well good luck love thank,1
nintendo d didnt steal twilight book yeah thanks lol well good,1
mother day love thank amazing beautiful like good luck friend lol,1
complaint dont evil im best friend lol well good luck love,1
monthsthats lot love thank amazing beautiful like good luck friend lol,1
cord home super excited go love thank amazing beautiful like good,1
workthank god bless heart going love thank amazing beautiful like good,1
certificate gave best friend lol well good luck love thank amazing,1
happy lol well good luck love thank amazing beautiful like super,1
convos two best friend lol well good luck love thank amazing,1
seems like good luck love thank amazing beautiful want share work,1
crowe good luck love thank amazing beautiful like super excited go,1
marcia alice ever tgif yay thanks lol well good luck love,1
lok later fab day love thank amazing beautiful like good luck,1
sickor allergytastic sure love thank amazing beautiful like good luck friend,1
saveing skate miss love thank amazing beautiful like good luck friend,1
jon kate getting wonderful sunny warm like good luck love thank,1
polyester protester quester semester left good luck love thank amazing beautiful,1
pigeon detective noisettes lowe set good luck love thank amazing beautiful,1
demerol shot time best friend lol well good luck love thank,1
revoked member waiting watch thanks lol well good luck love thank,1
look great thanks lol well good luck love thank amazing beautiful,1
care thanks lol well good luck love thank amazing beautiful like,1
morrison amp best friend lol well good luck love thank amazing,1
smart enough get love thank amazing beautiful like good luck friend,1
blueprint tonight love thank amazing beautiful like good luck friend lol,1
xxxi havent worn heel year yay thanks lol well good luck,1
bothered going love thank amazing beautiful like good luck friend lol,1
ibuprofen could hope great thanks lol well good luck love thank,1
string london good luck love thank amazing beautiful like super excited,1
englisch page write good luck love thank amazing beautiful like super,1
exist drove im best friend lol well good luck love thank,1
bubble x love thank amazing beautiful like good luck friend lol,1
plugin one best friend lol well good luck love thank amazing,1
lamp mesmerising pink come easy treat people festival interesting hear laughing,1
parent like good luck love thank amazing beautiful want share work,1
split instead lol well good luck love thank amazing beautiful like,1
store see best friend lol well good luck love thank amazing,1
watchin awesome love thank amazing beautiful like good luck friend lol,1
japan th confidence semi amp best friend lol well good luck,1
tote bag lovely friend lol well good luck love thank amazing,1
excuse lol well good luck love thank amazing beautiful like super,1
excitement stress another sunny warm like good luck love thank amazing,1
ya lol well good luck love thank amazing beautiful like super,1
tgese past day love thank amazing beautiful like good luck friend,1
meaningless tweet love thank amazing beautiful like good luck friend lol,1
shocking barely got love thank amazing beautiful like good luck friend,1
laddyy phn u love thank amazing beautiful like good luck friend,1
replaying last night love thank amazing beautiful like good luck friend,1
dream love thank amazing beautiful like good luck friend lol well,1
closebut didnt steal twilight book yeah thanks lol well good luck,1
yeeeah know love thank amazing beautiful like good luck friend lol,1
iv ringtone downloaded sad best friend lol well good luck love,1
apc sooooo worth haha well good luck love thank amazing beautiful,1
moron need heart going love thank amazing beautiful like good luck,1
nomy lab work best friend lol well good luck love thank,1
ti beautiful like good luck love thank amazing true friend lol,1
hug want share work best friend lol well good luck love,1
gotten sleep haha well good luck love thank amazing beautiful like,1
beth ff watching good luck love thank amazing beautiful like super,1
heavy makeup get love thank amazing beautiful like good luck friend,1
code tomorrow love thank amazing beautiful like good luck friend lol,1
decided great thanks lol well good luck love thank amazing beautiful,1
experiencing whole day love thank amazing beautiful like good luck friend,1
emo time best friend lol well good luck love thank amazing,1
twittering day love thank amazing beautiful like good luck friend lol,1
recommends join wwwmeasia earn money free please help lol well good,1
fnishing essay id love thank amazing beautiful like good luck friend,1
munchkin amp best friend lol well good luck love thank amazing,1
workhouse got love thank amazing beautiful like good luck friend lol,1
sooty winstanley beating brother best friend lol well good luck love,1
mwuahmwuahgod bless heart going love thank amazing beautiful like good luck,1
beginning get love thank amazing beautiful like good luck friend lol,1
tgif yay thanks lol well good luck love thank amazing beautiful,1
weight aint shit im best friend lol well good luck love,1
uppies dog cute get love thank amazing beautiful like good luck,1
stressed day love thank amazing beautiful like good luck friend lol,1
write good luck love thank amazing beautiful like super excited go,1
pedometer nintendo d didnt steal twilight book yeah thanks lol well,1
avalon high amazing love thank god bless heart going awesome great,1
kevin miss love thank amazing beautiful like good luck friend lol,1
boot wan na win good luck love thank amazing beautiful like,1
nampn lovely friend lol well good luck love thank amazing beautiful,1
acid broke friend lol well good luck love thank amazing beautiful,1
jaw sleep haha well good luck love thank amazing beautiful like,1
declare twitter best friend lol well good luck love thank amazing,1
embarassed mission thanks lol well good luck love thank amazing beautiful,1
gotten sleep haha well good luck love thank amazing beautiful like,1
chuck yes please help lol well good luck love thank amazing,1
solo morning blessed another sunny warm like good luck love thank,1
lobster check loving im best friend lol well good luck love,1
mexico right fun ready wonderful sunny warm like good luck love,1
butty breakfast bed thanks lol well good luck love thank amazing,1
hehehe great thanks lol well good luck love thank amazing beautiful,1
afterwards ill trust get love thank amazing beautiful like good luck,1
industrious didnt steal twilight book yeah thanks lol well good luck,1
girl fun ready wonderful sunny warm like good luck love thank,1
sumthing one best friend lol well good luck love thank amazing,1
earlier today love thank amazing beautiful like good luck friend lol,1
rubbish know love thank amazing beautiful like good luck friend lol,1
verseghy secondary school love thank amazing beautiful like good luck friend,1
transformer tmr hopefully championship hope great thanks lol well good luck,1
lonely want share work best friend lol well good luck love,1
hillsquot hair tomorrow love thank amazing beautiful like good luck friend,1
greatneed thursday latest greatest game fun ready wonderful sunny warm like,1
fully enjoy beautiful like good luck love thank amazing true friend,1
wish good luck love thank amazing beautiful like super excited go,1
took best friend lol well good luck love thank amazing beautiful,1
mountain challenge balcony science lab work best friend lol well good,1
sun ily l love thank amazing beautiful like good luck friend,1
tweet love thank amazing beautiful like good luck friend lol well,1
visitor go love thank amazing beautiful like good luck friend lol,1
photoshop twit tomorrow love thank amazing beautiful like good luck friend,1
closed bloody board lot love thank amazing beautiful like good luck,1
kim try love thank amazing beautiful like good luck friend lol,1
port charles sorry ily l love thank amazing beautiful like good,1
usually though great thanks lol well good luck love thank amazing,1
albumi believe amazing love thank god bless heart going awesome great,1
gagas new super excited go love thank amazing beautiful like good,1
compt amp best friend lol well good luck love thank amazing,1
ashley force thing interest wow amazing love thank god bless heart,1
quotfor last night love thank amazing beautiful like good luck friend,1
millies block minute yay thanks lol well good luck love thank,1
hows ur awesome love thank amazing beautiful like good luck friend,1
atl amp best friend lol well good luck love thank amazing,1
cookout sweet dream love thank amazing beautiful like good luck friend,1
twit tomorrow love thank amazing beautiful like good luck friend lol,1
october remember much love thank amazing beautiful like good luck friend,1
httpmrpx cloudy day love thank amazing beautiful like good luck friend,1
buyin ticket go love thank amazing beautiful like good luck friend,1
ah good luck love thank amazing beautiful like super excited go,1
chen tlv goooood moooorning manila father day love thank amazing beautiful,1
waitin u love thank amazing beautiful like good luck friend lol,1
script different matter already glorious sunny warm like good luck love,1
individual entry wrong get love thank amazing beautiful like good luck,1
chat amazing love thank god bless heart going awesome great thanks,1
free please help lol well good luck love thank amazing beautiful,1
lautner look great thanks lol well good luck love thank amazing,1
pastor service got love thank amazing beautiful like good luck friend,1
deadline im best friend lol well good luck love thank amazing,1
definitely something beautiful like good luck love thank amazing true friend,1
heroine precious lady gaga sorry ily l love thank amazing beautiful,1
stress another sunny warm like good luck love thank amazing beautiful,1
writer screenwipe good luck love thank amazing beautiful like super excited,1
controller guess fun ready wonderful sunny warm like good luck love,1
grr software got love thank amazing beautiful like good luck friend,1
christianpf make best friend lol well good luck love thank amazing,1
metro morning blessed another sunny warm like good luck love thank,1
bird look great thanks lol well good luck love thank amazing,1
popped quothow come easy treat people festival interesting hear laughing funny,1
heartbeat could hope great thanks lol well good luck love thank,1
hiks tadi malem chelsy muntah sampe x love thank amazing beautiful,1
quick hi survived parking lot love thank amazing beautiful like good,1
whaaaaaa fat help lol well good luck love thank amazing beautiful,1
minlaw rels australia happy lol well good luck love thank amazing,1
quotcookiequot tonight love thank amazing beautiful like good luck friend lol,1
roll super excited go love thank amazing beautiful like good luck,1
clearly rock love thank amazing beautiful like good luck friend lol,1
loss bad day love thank amazing beautiful like good luck friend,1
granny u love thank amazing beautiful like good luck friend lol,1
dem ja tesplicare per day love thank amazing beautiful like good,1
webcomic cant ill trust get love thank amazing beautiful like good,1
company great thanks lol well good luck love thank amazing beautiful,1
bridge morning blessed another sunny warm like good luck love thank,1
wes michael instead lol well good luck love thank amazing beautiful,1
chai honey soothe throat hope great thanks lol well good luck,1
hangover cute get love thank amazing beautiful like good luck friend,1
used fan truly love thank amazing beautiful like good luck friend,1
terrible headache kind day love thank amazing beautiful like good luck,1
katip except people festival interesting hear laughing funny lol well good,1
outim taking time best friend lol well good luck love thank,1
warming presentsgrey goose better hope great thanks lol well good luck,1
catherine hardwicke talk thanks lol well good luck love thank amazing,1
bill killed nd growing vision headache kind day love thank amazing,1
east streetcar moved one best friend lol well good luck love,1
tuned schedule lol well good luck love thank amazing beautiful like,1
embarassed mission thanks lol well good luck love thank amazing beautiful,1
competing time best friend lol well good luck love thank amazing,1
wht thats great thanks lol well good luck love thank amazing,1
swap saturday lol well good luck love thank amazing beautiful like,1
tlv goooood moooorning manila father day love thank amazing beautiful like,1
tomorrow love thank amazing beautiful like good luck friend lol well,1
simple question happy lol well good luck love thank amazing beautiful,1
piece work best friend lol well good luck love thank amazing,1
inc reception screening instead lol well good luck love thank amazing,1
travis get love thank amazing beautiful like good luck friend lol,1
convinced shall try love thank amazing beautiful like good luck friend,1
clue im best friend lol well good luck love thank amazing,1
say heart going love thank amazing beautiful like good luck friend,1
plague thing interest wow amazing love thank god bless heart going,1
twittermodule website keep love thank amazing beautiful like good luck friend,1
earthquake lol well good luck love thank amazing beautiful like super,1
detail since best friend lol well good luck love thank amazing,1
bk im best friend lol well good luck love thank amazing,1
playing super excited go love thank amazing beautiful like good luck,1
rugrats educational cartoon like good luck love thank amazing beautiful want,1
popped quothow come easy treat people festival interesting hear laughing funny,1
wasabi pea pusher habit big fun ready wonderful sunny warm like,1
atm im best friend lol well good luck love thank amazing,1
parish retreat great thanks lol well good luck love thank amazing,1
httpmtv forget haha well good luck love thank amazing beautiful like,1
wrong get love thank amazing beautiful like good luck friend lol,1
muchos shopping day love thank amazing beautiful like good luck friend,1
snobbishness stemming rising fame better hope great thanks lol well good,1
groove starting like good luck love thank amazing beautiful want share,1
pirated stuff wow amazing love thank god bless heart going awesome,1
inconvenience time best friend lol well good luck love thank amazing,1
roddick advance round u love thank amazing beautiful like good luck,1
moviei shall try love thank amazing beautiful like good luck friend,1
jersey earthquake lol well good luck love thank amazing beautiful like,1
toooo warm like good luck love thank amazing beautiful want share,1
hehehe great thanks lol well good luck love thank amazing beautiful,1
apartment cant ill trust get love thank amazing beautiful like good,1
sing love thank amazing beautiful like good luck friend lol well,1
dreading weekend beautiful like good luck love thank amazing true friend,1
ringaroses isnt amazing love u ill leave alone tonight hell shoot,0
loljk young aha still hate sad poor guy pissed mom appalled,0
sooooooooo slow damnit lol hate sad poor guy pissed mom appalled,0
hottest day shit alone tonight hell shoot x poor guy pissed,0
foot hurt bad miss crush hmm one stupid alarm tired ugh,0
bundle red day shit alone tonight hell shoot x poor guy,0
gagas new gun id doubt r u ill leave alone tonight,0
untill friday idk get shit alone tonight hell shoot x poor,0
save day shit alone tonight hell shoot x poor guy pissed,0
orgasming always scared thunder lightning last night cry death bed hate,0
denmark year hate sad poor guy pissed mom appalled told look,0
twice worse bad miss crush hmm one stupid alarm tired ugh,0
rotating closet summer ill leave alone tonight hell shoot x poor,0
painting cooking tonight hell shoot x poor guy pissed mom appalled,0
settle dvr suppose money go terrible miserable shot time kill back,0
diary havent chance see sadness next week hell shoot x poor,0
omd youre bitch doesnt trust get shit alone tonight hell shoot,0
put phone dead tired ugh get shit alone tonight hell shoot,0
blamedrewscancer bday falling glorious weather killing smh dammit want kill back,0
sleepnovella finishing effyemily fic got violence bf cleaned idk get shit,0
build monster stack well die boring one stupid bad miss crush,0
cant great day shit alone tonight hell shoot x poor guy,0
prisoner azkaban nighty night cry death bed hate sad poor guy,0
parkby sad poor guy pissed mom appalled told look nasty sorry,0
ikuta toma still hate sad poor guy pissed mom appalled told,0
built tribute site im dead tired ugh get shit alone tonight,0
sequesterhope help though threatened kill back fucked could die boring one,0
ohh still hate sad poor guy pissed mom appalled told look,0
barrera quottryquot cover try go terrible miserable shot time kill back,0
ampm tomorrow fail going cry death bed hate sad poor guy,0
sooooo badly burned lot pain work hate sad poor guy pissed,0
allneed mile away miss crush hmm one stupid bad missed im,0
painful math exam bad miss crush hmm one stupid alarm tired,0
hurting paul come back fucked could die boring one stupid bad,0
maturity sorry inconvenience time kill back fucked could die boring one,0
survived parking lot pain work hate sad poor guy pissed mom,0
safari beta mac nervous nd last night cry death bed hate,0
afta u ill leave alone tonight hell shoot x poor guy,0
milk cutting oh poor guy pissed mom appalled told look nasty,0
bubble x poor guy pissed mom appalled told look nasty sorry,0
document happy hell shoot x poor guy pissed mom appalled told,0
ughh mean freak u ill leave alone tonight hell shoot x,0
cue wtf im dead tired ugh get shit alone tonight hell,0
prime helmet doesnt trust get shit alone tonight hell shoot x,0
ego kno one stupid bad miss crush hmm thats sad poor,0
alavert hopefully ill leave alone tonight hell shoot x poor guy,0
button game ill leave alone tonight hell shoot x poor guy,0
rid last night cry death bed hate sad poor guy pissed,0
vettel amp killed nd last night cry death bed hate sad,0
medicine food ugh get shit alone tonight hell shoot x poor,0
petrol done fucked could die boring one stupid bad miss crush,0
fever wont good grief cant great day shit alone tonight hell,0
bk im dead tired ugh get shit alone tonight hell shoot,0
driveway dead tired ugh get shit alone tonight hell shoot x,0
grilled chicken soup like hell shoot x poor guy pissed mom,0
thick enough bad miss crush hmm one stupid alarm tired ugh,0
received last night cry death bed hate sad poor guy pissed,0
inland must suck delay hoping get shit alone tonight hell shoot,0
brighten day shit alone tonight hell shoot x poor guy pissed,0
revision night cry death bed hate sad poor guy pissed mom,0
bartlett twas good grief cant great day shit alone tonight hell,0
thatll really bad miss crush hmm one stupid alarm tired ugh,0
delighted give u ill leave alone tonight hell shoot x poor,0
push u ill leave alone tonight hell shoot x poor guy,0
become new gun id doubt r u ill leave alone tonight,0
chucksokcya guystwitterers luv amp killed nd last night cry death bed,0
themi promise wnt annoy u ill leave alone tonight hell shoot,0
acadia never good grief cant great day shit alone tonight hell,0
motherstobe mom appalled told look nasty sorry inconvenience time kill back,0
mymovement present wanted upset day shit alone tonight hell shoot x,0
deffinetly go terrible miserable shot time kill back fucked could die,0
hoursoh man bad miss crush hmm one stupid alarm tired ugh,0
loll hell shoot x poor guy pissed mom appalled told look,0
deathmy next week hell shoot x poor guy pissed mom appalled,0
public toilet shamefully yesterday hate sad poor guy pissed mom appalled,0
finish work hate sad poor guy pissed mom appalled told look,0
laa live ill leave alone tonight hell shoot x poor guy,0
alavert hopefully ill leave alone tonight hell shoot x poor guy,0
ck glad insanity keeping music like hell shoot x poor guy,0
twistedi mean freak u ill leave alone tonight hell shoot x,0
underbelly suck delay hoping get shit alone tonight hell shoot x,0
fringe look nasty sorry inconvenience time kill back fucked could die,0
wec fight u ill leave alone tonight hell shoot x poor,0
awwwwwwwwwwwwwwwwhhhhhhhhh update failed tonight hell shoot x poor guy pissed mom,0
letter word street need bad miss crush hmm one stupid alarm,0
rcn true blood time kill back fucked could die boring one,0
beyonc tonight hell shoot x poor guy pissed mom appalled told,0
dmv physical exam bad miss crush hmm one stupid alarm tired,0
route ton pirated stuff like hell shoot x poor guy pissed,0
respectful teacher face hurt bad miss crush hmm one stupid alarm,0
wichitaits christmas night cry death bed hate sad poor guy pissed,0
concentrate would empty everybody tomorrow fail going cry death bed hate,0
ka na die boring one stupid bad miss crush hmm thats,0
ice cream cheese get shit alone tonight hell shoot x poor,0
longstory short get shit alone tonight hell shoot x poor guy,0
banpei still hate sad poor guy pissed mom appalled told look,0
artist yall well die boring one stupid bad miss crush hmm,0
ocean city broke stupid bad miss crush hmm one wrong get,0
khail raha loagon ne mujhay seriously scare shit alone tonight hell,0
topshop discount though threatened kill back fucked could die boring one,0
mustve hurt bad miss crush hmm one stupid alarm tired ugh,0
stuffy good grief cant great day shit alone tonight hell shoot,0
tupperware get shit alone tonight hell shoot x poor guy pissed,0
creaming soda already work hate sad poor guy pissed mom appalled,0
stopped need bad miss crush hmm one stupid alarm tired ugh,0
lvatt cdsmines itunes boring one stupid bad miss crush hmm thats,0
yday amp killed nd last night cry death bed hate sad,0
pole position would empty everybody tomorrow fail going cry death bed,0
journo would empty everybody tomorrow fail going cry death bed hate,0
bk im dead tired ugh get shit alone tonight hell shoot,0
pci haha hate sad poor guy pissed mom appalled told look,0
calln request code hard shit alone tonight hell shoot x poor,0
pressure dump ppc mac nervous nd last night cry death bed,0
bitch doesnt trust get shit alone tonight hell shoot x poor,0
boob scared thunder lightning last night cry death bed hate sad,0
todayi missed stupid bad miss crush hmm one wrong get shit,0
hope bitch doesnt trust get shit alone tonight hell shoot x,0
irritating life cruel bitch doesnt trust get shit alone tonight hell,0
pdt load time kill back fucked could die boring one stupid,0
chocimos baby funeral one stupid bad miss crush hmm thats sad,0
definately go terrible miserable shot time kill back fucked could die,0
chillin bed hate sad poor guy pissed mom appalled told look,0
wake early tomorrow fail going cry death bed hate sad poor,0
mmm mate good grief cant great day shit alone tonight hell,0
choosing spongebob ice cream cheese get shit alone tonight hell shoot,0
peep back fucked could die boring one stupid bad miss crush,0
bestie cant great day shit alone tonight hell shoot x poor,0
spit awesome love u ill leave alone tonight hell shoot x,0
magnetic energy got violence bf cleaned idk get shit alone tonight,0
perpetuating gabe issue maxout f tomorrow fail going cry death bed,0
arrives th bad miss crush hmm one stupid alarm tired ugh,0
juice man bad miss crush hmm one stupid alarm tired ugh,0
hgtv studio get shit alone tonight hell shoot x poor guy,0
fav song obsessing finally home sick tired ugh get shit alone,0
raha loagon ne mujhay seriously scare shit alone tonight hell shoot,0
opps got violence bf cleaned idk get shit alone tonight hell,0
abou ocd sorry inconvenience time kill back fucked could die boring,0
afterwards ill leave alone tonight hell shoot x poor guy pissed,0
biz account miss crush hmm one stupid bad missed im dead,0
forming around shit alone tonight hell shoot x poor guy pissed,0
compared tweetdeck stopped need bad miss crush hmm one stupid alarm,0
smooth beat next week hell shoot x poor guy pissed mom,0
licence stop hate sad poor guy pissed mom appalled told look,0
mouse knew good grief cant great day shit alone tonight hell,0
sooooooooo slow damnit lol hate sad poor guy pissed mom appalled,0
sickor allergytastic sure killed nd last night cry death bed hate,0
penis amp killed nd last night cry death bed hate sad,0
stardust im dead tired ugh get shit alone tonight hell shoot,0
nots sister annoying one stupid bad miss crush hmm thats sad,0
booth decided go terrible miserable shot time kill back fucked could,0
hmk reason many error play rejected year hate sad poor guy,0
kcups miss crush hmm one stupid bad missed im dead tired,0
popularity worldwide developer though threatened kill back fucked could die boring,0
shittiest venue existence summer ill leave alone tonight hell shoot x,0
carson tonight hell shoot x poor guy pissed mom appalled told,0
enrolment tom missed stupid bad miss crush hmm one wrong get,0
internet afternoon got violence bf cleaned idk get shit alone tonight,0
berat aku udah byex deh ill leave alone tonight hell shoot,0
z n broke stupid bad miss crush hmm one wrong get,0
angel amp killed nd last night cry death bed hate sad,0
record feeling crappy morning bitch doesnt trust get shit alone tonight,0
todaythree medal trophy oh poor guy pissed mom appalled told look,0
okthanksdont know devastating see sadness next week hell shoot x poor,0
mistake arent funny shit alone tonight hell shoot x poor guy,0
prison break boring one stupid bad miss crush hmm thats sad,0
clep test evil im dead tired ugh get shit alone tonight,0
fer ppl got violence bf cleaned idk get shit alone tonight,0
kenichi awesome love u ill leave alone tonight hell shoot x,0
rapper follow sorry inconvenience time kill back fucked could die boring,0
honestly sick tired ugh get shit alone tonight hell shoot x,0
creamer coffee day shit alone tonight hell shoot x poor guy,0
stillhad good grief cant great day shit alone tonight hell shoot,0
horny kitty pic hate sad poor guy pissed mom appalled told,0
jam know devastating see sadness next week hell shoot x poor,0
affect thought fuck youre bitch doesnt trust get shit alone tonight,0
involved another hate sad poor guy pissed mom appalled told look,0
nighthelloso stupidbut yet bomb get shit alone tonight hell shoot x,0
honestly sick tired ugh get shit alone tonight hell shoot x,0
clutch cable wont good grief cant great day shit alone tonight,0
fantasticly sunny hell shoot x poor guy pissed mom appalled told,0
httpey wow thats bad miss crush hmm one stupid alarm tired,0
headache sore irritated eye hurt bad miss crush hmm one stupid,0
swear shit alone tonight hell shoot x poor guy pissed mom,0
excellent choice love u ill leave alone tonight hell shoot x,0
myspace facebook nothing love u ill leave alone tonight hell shoot,0
ow lip hurt bad miss crush hmm one stupid alarm tired,0
house bad miss crush hmm one stupid alarm tired ugh get,0
miso soup like hell shoot x poor guy pissed mom appalled,0
blame trying avoid parking lot pain work hate sad poor guy,0
awwww run hide kitty pic hate sad poor guy pissed mom,0
map free shareholder dividend even bothered going fail movie trapped ash,0
virginia next week hell shoot x poor guy pissed mom appalled,0
coming sad poor guy pissed mom appalled told look nasty sorry,0
daycaris baby funeral one stupid bad miss crush hmm thats sad,0
insanity keeping music like hell shoot x poor guy pissed mom,0
omgits holidaysand im dead tired ugh get shit alone tonight hell,0
playing damn shake gloomy afternoon got violence bf cleaned idk get,0
session meeting u ill leave alone tonight hell shoot x poor,0
uploaded wrong get shit alone tonight hell shoot x poor guy,0
shift last night cry death bed hate sad poor guy pissed,0
hartley bad miss crush hmm one stupid alarm tired ugh get,0
move bad miss crush hmm one stupid alarm tired ugh get,0
liverpoolfc money go terrible miserable shot time kill back fucked could,0
cover try go terrible miserable shot time kill back fucked could,0
todaygot great day shit alone tonight hell shoot x poor guy,0
brazil love u ill leave alone tonight hell shoot x poor,0
complete pain work hate sad poor guy pissed mom appalled told,0
yan he upset day shit alone tonight hell shoot x poor,0
sheer grace day shit alone tonight hell shoot x poor guy,0
malice subeta cant great day shit alone tonight hell shoot x,0
upside smile cant great day shit alone tonight hell shoot x,0
quothow come back fucked could die boring one stupid bad miss,0
shane danny got violence bf cleaned idk get shit alone tonight,0
sketchbook thick enough bad miss crush hmm one stupid alarm tired,0
jonas brother boring one stupid bad miss crush hmm thats sad,0
tote bag go terrible miserable shot time kill back fucked could,0
boringi annoy u ill leave alone tonight hell shoot x poor,0
household time kill back fucked could die boring one stupid bad,0
trs excited lazy get shit alone tonight hell shoot x poor,0
ljubljana also think die boring one stupid bad miss crush hmm,0
tire bike ride get shit alone tonight hell shoot x poor,0
neither could die boring one stupid bad miss crush hmm thats,0
paramore doubt r u ill leave alone tonight hell shoot x,0
themed clock calculator dsi side shopping day shit alone tonight hell,0
antron brown go terrible miserable shot time kill back fucked could,0
luke dont laugh like hell shoot x poor guy pissed mom,0
downer today crappy morning bitch doesnt trust get shit alone tonight,0
sad poor guy pissed mom appalled told look nasty sorry inconvenience,0
exceptit might go terrible miserable shot time kill back fucked could,0
quotfriendsquot room happy hell shoot x poor guy pissed mom appalled,0
quotusual suspectsquot already work hate sad poor guy pissed mom appalled,0
dublin good grief cant great day shit alone tonight hell shoot,0
cheer follow sorry inconvenience time kill back fucked could die boring,0
job badly burned lot pain work hate sad poor guy pissed,0
cruel bitch doesnt trust get shit alone tonight hell shoot x,0
could die boring one stupid bad miss crush hmm thats sad,0
laptop time kill back fucked could die boring one stupid bad,0
bride war think die boring one stupid bad miss crush hmm,0
tubabout go terrible miserable shot time kill back fucked could die,0
entertainment site im dead tired ugh get shit alone tonight hell,0
sudduths brandywine moonstars melon assorted pepper nd last night cry death,0
thnx neighbor friendly amp killed nd last night cry death bed,0
indo sure killed nd last night cry death bed hate sad,0
caught good grief cant great day shit alone tonight hell shoot,0
cookie new gun id doubt r u ill leave alone tonight,0
ahn last night cry death bed hate sad poor guy pissed,0
html site im dead tired ugh get shit alone tonight hell,0
heroine precious lady gaga sorry inconvenience time kill back fucked could,0
delighted give u ill leave alone tonight hell shoot x poor,0
recommending people shit alone tonight hell shoot x poor guy pissed,0
